Workbook

Sheet Email Cleaner
A1: Original Email Paste Here | B1: Cleaned Email | C1: Matched Bad Pattern | D1: Status | E1: Email Type | F1: Domain | G1: Clean Emails Only | H1: Removed Emails Only | J1: Quick Summary
B2: =LOWER(TRIM(A2)) | C2: =IF(B2="","",IFERROR(LOOKUP(2,1/(ISNUMBER(SEARCH('Bad Patterns'!$A$2:$A$116,B2))),'Bad Patterns'!$A$2:$A$116),"")) | D2: =IF(B2="","",IF(C2<>"","REMOVE","KEEP")) | E2: =IF(D2<>"KEEP","",IF(RIGHT(B2,10)="@gmail.com","Gmail",IF(OR(RIGHT(B2,12)="@outlook.com",RIGHT(B2,12)="@hotmail.com",RIGHT(B2,9)="@live.com"),"Outlook","Domain"))) | F2: =IF(B2="","",IFERROR(RIGHT(B2,LEN(B2)-FIND("@",B2)),"")) | G2: =IF(D2="KEEP",B2,"") | H2: =IF(D2="REMOVE",B2,"") | J2: Total Pasted | K2: =COUNTA(A2:A20000)
B3: =LOWER(TRIM(A3)) | C3: =IF(B3="","",IFERROR(LOOKUP(2,1/(ISNUMBER(SEARCH('Bad Patterns'!$A$2:$A$116,B3))),'Bad Patterns'!$A$2:$A$116),"")) | D3: =IF(B3="","",IF(C3<>"","REMOVE","KEEP")) | E3: =IF(D3<>"KEEP","",IF(RIGHT(B3,10)="@gmail.com","Gmail",IF(OR(RIGHT(B3,12)="@outlook.com",RIGHT(B3,12)="@hotmail.com",RIGHT(B3,9)="@live.com"),"Outlook","Domain"))) | F3: =IF(B3="","",IFERROR(RIGHT(B3,LEN(B3)-FIND("@",B3)),"")) | G3: =IF(D3="KEEP",B3,"") | H3: =IF(D3="REMOVE",B3,"") | J3: Keep Count | K3: =COUNTIF(D2:D20000,"KEEP")
B4: =LOWER(TRIM(A4)) | C4: =IF(B4="","",IFERROR(LOOKUP(2,1/(ISNUMBER(SEARCH('Bad Patterns'!$A$2:$A$116,B4))),'Bad Patterns'!$A$2:$A$116),"")) | D4: =IF(B4="","",IF(C4<>"","REMOVE","KEEP")) | E4: =IF(D4<>"KEEP","",IF(RIGHT(B4,10)="@gmail.com","Gmail",IF(OR(RIGHT(B4,12)="@outlook.com",RIGHT(B4,12)="@hotmail.com",RIGHT(B4,9)="@live.com"),"Outlook","Domain"))) | F4: =IF(B4="","",IFERROR(RIGHT(B4,LEN(B4)-FIND("@",B4)),"")) | G4: =IF(D4="KEEP",B4,"") | H4: =IF(D4="REMOVE",B4,"") | J4: Remove Count | K4: =COUNTIF(D2:D20000,"REMOVE")
B5: =LOWER(TRIM(A5)) | C5: =IF(B5="","",IFERROR(LOOKUP(2,1/(ISNUMBER(SEARCH('Bad Patterns'!$A$2:$A$116,B5))),'Bad Patterns'!$A$2:$A$116),"")) | D5: =IF(B5="","",IF(C5<>"","REMOVE","KEEP")) | E5: =IF(D5<>"KEEP","",IF(RIGHT(B5,10)="@gmail.com","Gmail",IF(OR(RIGHT(B5,12)="@outlook.com",RIGHT(B5,12)="@hotmail.com",RIGHT(B5,9)="@live.com"),"Outlook","Domain"))) | F5: =IF(B5="","",IFERROR(RIGHT(B5,LEN(B5)-FIND("@",B5)),"")) | G5: =IF(D5="KEEP",B5,"") | H5: =IF(D5="REMOVE",B5,"") | J5: Gmail Count | K5: =COUNTIF(E2:E20000,"Gmail")
B6: =LOWER(TRIM(A6)) | C6: =IF(B6="","",IFERROR(LOOKUP(2,1/(ISNUMBER(SEARCH('Bad Patterns'!$A$2:$A$116,B6))),'Bad Patterns'!$A$2:$A$116),"")) | D6: =IF(B6="","",IF(C6<>"","REMOVE","KEEP")) | E6: =IF(D6<>"KEEP","",IF(RIGHT(B6,10)="@gmail.com","Gmail",IF(OR(RIGHT(B6,12)="@outlook.com",RIGHT(B6,12)="@hotmail.com",RIGHT(B6,9)="@live.com"),"Outlook","Domain"))) | F6: =IF(B6="","",IFERROR(RIGHT(B6,LEN(B6)-FIND("@",B6)),"")) | G6: =IF(D6="KEEP",B6,"") | H6: =IF(D6="REMOVE",B6,"") | J6: Outlook Count | K6: =COUNTIF(E2:E20000,"Outlook")
B7: =LOWER(TRIM(A7)) | C7: =IF(B7="","",IFERROR(LOOKUP(2,1/(ISNUMBER(SEARCH('Bad Patterns'!$A$2:$A$116,B7))),'Bad Patterns'!$A$2:$A$116),"")) | D7: =IF(B7="","",IF(C7<>"","REMOVE","KEEP")) | E7: =IF(D7<>"KEEP","",IF(RIGHT(B7,10)="@gmail.com","Gmail",IF(OR(RIGHT(B7,12)="@outlook.com",RIGHT(B7,12)="@hotmail.com",RIGHT(B7,9)="@live.com"),"Outlook","Domain"))) | F7: =IF(B7="","",IFERROR(RIGHT(B7,LEN(B7)-FIND("@",B7)),"")) | G7: =IF(D7="KEEP",B7,"") | H7: =IF(D7="REMOVE",B7,"") | J7: Domain Count | K7: =COUNTIF(E2:E20000,"Domain")
B8: =LOWER(TRIM(A8)) | C8: =IF(B8="","",IFERROR(LOOKUP(2,1/(ISNUMBER(SEARCH('Bad Patterns'!$A$2:$A$116,B8))),'Bad Patterns'!$A$2:$A$116),"")) | D8: =IF(B8="","",IF(C8<>"","REMOVE","KEEP")) | E8: =IF(D8<>"KEEP","",IF(RIGHT(B8,10)="@gmail.com","Gmail",IF(OR(RIGHT(B8,12)="@outlook.com",RIGHT(B8,12)="@hotmail.com",RIGHT(B8,9)="@live.com"),"Outlook","Domain"))) | F8: =IF(B8="","",IFERROR(RIGHT(B8,LEN(B8)-FIND("@",B8)),"")) | G8: =IF(D8="KEEP",B8,"") | H8: =IF(D8="REMOVE",B8,"")
B9: =LOWER(TRIM(A9)) | C9: =IF(B9="","",IFERROR(LOOKUP(2,1/(ISNUMBER(SEARCH('Bad Patterns'!$A$2:$A$116,B9))),'Bad Patterns'!$A$2:$A$116),"")) | D9: =IF(B9="","",IF(C9<>"","REMOVE","KEEP")) | E9: =IF(D9<>"KEEP","",IF(RIGHT(B9,10)="@gmail.com","Gmail",IF(OR(RIGHT(B9,12)="@outlook.com",RIGHT(B9,12)="@hotmail.com",RIGHT(B9,9)="@live.com"),"Outlook","Domain"))) | F9: =IF(B9="","",IFERROR(RIGHT(B9,LEN(B9)-FIND("@",B9)),"")) | G9: =IF(D9="KEEP",B9,"") | H9: =IF(D9="REMOVE",B9,"")
B10: =LOWER(TRIM(A10)) | C10: =IF(B10="","",IFERROR(LOOKUP(2,1/(ISNUMBER(SEARCH('Bad Patterns'!$A$2:$A$116,B10))),'Bad Patterns'!$A$2:$A$116),"")) | D10: =IF(B10="","",IF(C10<>"","REMOVE","KEEP")) | E10: =IF(D10<>"KEEP","",IF(RIGHT(B10,10)="@gmail.com","Gmail",IF(OR(RIGHT(B10,12)="@outlook.com",RIGHT(B10,12)="@hotmail.com",RIGHT(B10,9)="@live.com"),"Outlook","Domain"))) | F10: =IF(B10="","",IFERROR(RIGHT(B10,LEN(B10)-FIND("@",B10)),"")) | G10: =IF(D10="KEEP",B10,"") | H10: =IF(D10="REMOVE",B10,"")
B11: =LOWER(TRIM(A11)) | C11: =IF(B11="","",IFERROR(LOOKUP(2,1/(ISNUMBER(SEARCH('Bad Patterns'!$A$2:$A$116,B11))),'Bad Patterns'!$A$2:$A$116),"")) | D11: =IF(B11="","",IF(C11<>"","REMOVE","KEEP")) | E11: =IF(D11<>"KEEP","",IF(RIGHT(B11,10)="@gmail.com","Gmail",IF(OR(RIGHT(B11,12)="@outlook.com",RIGHT(B11,12)="@hotmail.com",RIGHT(B11,9)="@live.com"),"Outlook","Domain"))) | F11: =IF(B11="","",IFERROR(RIGHT(B11,LEN(B11)-FIND("@",B11)),"")) | G11: =IF(D11="KEEP",B11,"") | H11: =IF(D11="REMOVE",B11,"")
B12: =LOWER(TRIM(A12)) | C12: =IF(B12="","",IFERROR(LOOKUP(2,1/(ISNUMBER(SEARCH('Bad Patterns'!$A$2:$A$116,B12))),'Bad Patterns'!$A$2:$A$116),"")) | D12: =IF(B12="","",IF(C12<>"","REMOVE","KEEP")) | E12: =IF(D12<>"KEEP","",IF(RIGHT(B12,10)="@gmail.com","Gmail",IF(OR(RIGHT(B12,12)="@outlook.com",RIGHT(B12,12)="@hotmail.com",RIGHT(B12,9)="@live.com"),"Outlook","Domain"))) | F12: =IF(B12="","",IFERROR(RIGHT(B12,LEN(B12)-FIND("@",B12)),"")) | G12: =IF(D12="KEEP",B12,"") | H12: =IF(D12="REMOVE",B12,"")
B13: =LOWER(TRIM(A13)) | C13: =IF(B13="","",IFERROR(LOOKUP(2,1/(ISNUMBER(SEARCH('Bad Patterns'!$A$2:$A$116,B13))),'Bad Patterns'!$A$2:$A$116),"")) | D13: =IF(B13="","",IF(C13<>"","REMOVE","KEEP")) | E13: =IF(D13<>"KEEP","",IF(RIGHT(B13,10)="@gmail.com","Gmail",IF(OR(RIGHT(B13,12)="@outlook.com",RIGHT(B13,12)="@hotmail.com",RIGHT(B13,9)="@live.com"),"Outlook","Domain"))) | F13: =IF(B13="","",IFERROR(RIGHT(B13,LEN(B13)-FIND("@",B13)),"")) | G13: =IF(D13="KEEP",B13,"") | H13: =IF(D13="REMOVE",B13,"")
B14: =LOWER(TRIM(A14)) | C14: =IF(B14="","",IFERROR(LOOKUP(2,1/(ISNUMBER(SEARCH('Bad Patterns'!$A$2:$A$116,B14))),'Bad Patterns'!$A$2:$A$116),"")) | D14: =IF(B14="","",IF(C14<>"","REMOVE","KEEP")) | E14: =IF(D14<>"KEEP","",IF(RIGHT(B14,10)="@gmail.com","Gmail",IF(OR(RIGHT(B14,12)="@outlook.com",RIGHT(B14,12)="@hotmail.com",RIGHT(B14,9)="@live.com"),"Outlook","Domain"))) | F14: =IF(B14="","",IFERROR(RIGHT(B14,LEN(B14)-FIND("@",B14)),"")) | G14: =IF(D14="KEEP",B14,"") | H14: =IF(D14="REMOVE",B14,"")
B15: =LOWER(TRIM(A15)) | C15: =IF(B15="","",IFERROR(LOOKUP(2,1/(ISNUMBER(SEARCH('Bad Patterns'!$A$2:$A$116,B15))),'Bad Patterns'!$A$2:$A$116),"")) | D15: =IF(B15="","",IF(C15<>"","REMOVE","KEEP")) | E15: =IF(D15<>"KEEP","",IF(RIGHT(B15,10)="@gmail.com","Gmail",IF(OR(RIGHT(B15,12)="@outlook.com",RIGHT(B15,12)="@hotmail.com",RIGHT(B15,9)="@live.com"),"Outlook","Domain"))) | F15: =IF(B15="","",IFERROR(RIGHT(B15,LEN(B15)-FIND("@",B15)),"")) | G15: =IF(D15="KEEP",B15,"") | H15: =IF(D15="REMOVE",B15,"")
B16: =LOWER(TRIM(A16)) | C16: =IF(B16="","",IFERROR(LOOKUP(2,1/(ISNUMBER(SEARCH('Bad Patterns'!$A$2:$A$116,B16))),'Bad Patterns'!$A$2:$A$116),"")) | D16: =IF(B16="","",IF(C16<>"","REMOVE","KEEP")) | E16: =IF(D16<>"KEEP","",IF(RIGHT(B16,10)="@gmail.com","Gmail",IF(OR(RIGHT(B16,12)="@outlook.com",RIGHT(B16,12)="@hotmail.com",RIGHT(B16,9)="@live.com"),"Outlook","Domain"))) | F16: =IF(B16="","",IFERROR(RIGHT(B16,LEN(B16)-FIND("@",B16)),"")) | G16: =IF(D16="KEEP",B16,"") | H16: =IF(D16="REMOVE",B16,"")
B17: =LOWER(TRIM(A17)) | C17: =IF(B17="","",IFERROR(LOOKUP(2,1/(ISNUMBER(SEARCH('Bad Patterns'!$A$2:$A$116,B17))),'Bad Patterns'!$A$2:$A$116),"")) | D17: =IF(B17="","",IF(C17<>"","REMOVE","KEEP")) | E17: =IF(D17<>"KEEP","",IF(RIGHT(B17,10)="@gmail.com","Gmail",IF(OR(RIGHT(B17,12)="@outlook.com",RIGHT(B17,12)="@hotmail.com",RIGHT(B17,9)="@live.com"),"Outlook","Domain"))) | F17: =IF(B17="","",IFERROR(RIGHT(B17,LEN(B17)-FIND("@",B17)),"")) | G17: =IF(D17="KEEP",B17,"") | H17: =IF(D17="REMOVE",B17,"")
B18: =LOWER(TRIM(A18)) | C18: =IF(B18="","",IFERROR(LOOKUP(2,1/(ISNUMBER(SEARCH('Bad Patterns'!$A$2:$A$116,B18))),'Bad Patterns'!$A$2:$A$116),"")) | D18: =IF(B18="","",IF(C18<>"","REMOVE","KEEP")) | E18: =IF(D18<>"KEEP","",IF(RIGHT(B18,10)="@gmail.com","Gmail",IF(OR(RIGHT(B18,12)="@outlook.com",RIGHT(B18,12)="@hotmail.com",RIGHT(B18,9)="@live.com"),"Outlook","Domain"))) | F18: =IF(B18="","",IFERROR(RIGHT(B18,LEN(B18)-FIND("@",B18)),"")) | G18: =IF(D18="KEEP",B18,"") | H18: =IF(D18="REMOVE",B18,"")
B19: =LOWER(TRIM(A19)) | C19: =IF(B19="","",IFERROR(LOOKUP(2,1/(ISNUMBER(SEARCH('Bad Patterns'!$A$2:$A$116,B19))),'Bad Patterns'!$A$2:$A$116),"")) | D19: =IF(B19="","",IF(C19<>"","REMOVE","KEEP")) | E19: =IF(D19<>"KEEP","",IF(RIGHT(B19,10)="@gmail.com","Gmail",IF(OR(RIGHT(B19,12)="@outlook.com",RIGHT(B19,12)="@hotmail.com",RIGHT(B19,9)="@live.com"),"Outlook","Domain"))) | F19: =IF(B19="","",IFERROR(RIGHT(B19,LEN(B19)-FIND("@",B19)),"")) | G19: =IF(D19="KEEP",B19,"") | H19: =IF(D19="REMOVE",B19,"")
... B20000: =LOWER(TRIM(A20000)) | C20000: =IF(B20000="","",IFERROR(LOOKUP(2,1/(ISNUMBER(SEARCH('Bad Patterns'!$A$2:$A$116,B20000))),'Bad Patterns'!$A$2:$A$116),"")) | D20000: =IF(B20000="","",IF(C20000<>"","REMOVE","KEEP")) | E20000: =IF(D20000<>"KEEP","",IF(RIGHT(B20000,10)="@gmail.com","Gmail",IF(OR(RIGHT(B20000,12)="@outlook.com",RIGHT(B20000,12)="@hotmail.com",RIGHT(B20000,9)="@live.com"),"Outlook","Domain"))) | F20000: =IF(B20000="","",IFERROR(RIGHT(B20000,LEN(B20000)-FIND("@",B20000)),"")) | G20000: =IF(D20000="KEEP",B20000,"") | H20000: =IF(D20000="REMOVE",B20000,"")

Sheet Bad Patterns
A1: Bad Pattern / Contains Text
A2: you@domain.com
A3: example@domain.com
A4: example@mysite.com
A5: wordpress@example.com
A6: your@email.com
A7: yourname@email.com
A8: john@company.com
A9: user@domain.com
A10: flags@2x.webp
A11: john@example.com
A12: john@email.com
... A116: mymail@mailservice.com

Sheet How To Use
A1: Email Cleaner Template
A3: 1. Paste your email list in the 'Email Cleaner' sheet, Column A, starting from A2.
A4: 2. The template lowercases and trims the email in Column B.
A5: 3. If the cleaned email contains any pattern from the 'Bad Patterns' sheet, Column D marks it as REMOVE.
A6: 4. Column G shows only clean emails. Column H shows only removed emails.
A7: 5. Column E labels clean emails as Gmail, Outlook, or Domain.
A8: 6. Column F extracts the email domain.
A9: 7. This template is prepared for 20,000 rows, so it can easily handle 10k+ emails.
A10: 8. You can add or remove bad patterns in the 'Bad Patterns' sheet. Keep them lowercase for best results.
A11: 9. After checking, filter Column D by REMOVE or KEEP, then copy/export your required list.
